{
    "name": "Luna",
    "system": "Earth",
    "type": "moon",

    "surface-orbiter": "sol/luna/orbiter",
    "activate": true,

    "mass": 7.347664e+22,
    "radius": 1738.14,

    "albedo": [ 0.7, 0.85, 1.0 ],
    "color": [ 1.0, 0.94582, 0.865 ],
    "geom-albedo": 0.136,

    "max-lod": 12,
    "elev-res": 0.5,

    "orbit": "elp82b-luna",

    // Rotation and precession parameters
    "rotation": "uniform",
    "precession-LAN": 0.4643456618,
    "precession-obliquity": 7.259562816e-005,
    "precession-period": -6793.219721,
    "LAN": 1.71817749,
    "LAN-MJD": 51544.5,
    "obliquity": 0.02692416821,
    "sid-rot-offset": 4.769465382,
    "sid-rot-period": 2360588.15

    // SidRotPeriod (days): 27.3216221
    // SidRotPeriod (SI seconds): 27.21221707
    // Pecession Period (years): -18.59882196
    // Obliquity (degrees): 1.542641205
    // Ecliptic LAN (rad): 2.179855677
    // Ecliptic Obliquity (rad): 0.02691360345
    // Ecliptic SidRotOffset (rad): 4.71399578
    // Axis RMS Error (deg): 0.5398940276
    // Lat/Lon RMS Error (deg): 0.03098881956
}