{
    "name": "Jupiter",
    "system": "Sol",
    "type": "planet",

    "surface-orbiter": "sol/jupiter/orbiter",
    "activate": true,

    "mass": 1.8986111e+27,
    "radius": 69911.0,

    "albedo": [  1.24, 1.22, 1.14 ],
    "color": [ 1.0, 0.98663, 0.91433 ],
    "geom-albedo": 0.510901,

    "max-lod": 2,

    "orbit": "vsop87b-jupiter",

    // Rotation and precession parameters
    "rotation": "uniform",
    "precession-LAN": 4.89539507,
    "precession-obliquity": 0.02276340837,
    "precession-period": -307703725.6,
    "LAN": 3.782814532,
    "LAN-MJD": 51544.5,
    "obliquity": 0.05443758224,
    "sid-rot-offset": 5.6893939386, // 325.97826067 // 2.547801285,
    "sid-rot-period": 13500.3

    // SidRotPeriod: 35729.685
    // SidRotPeriod (days): 0.4135380209
    // SidRotPeriod (SI seconds): 0.4135380203
    // Pecession Period (years): -842446.8874
    // Obliquity (degrees): 3.119043709
    // Ecliptic LAN (rad): 2.754551892
    // Ecliptic Obliquity (rad): 0.03866988492
    // Ecliptic SidRotOffset (rad): 1.593170027
    // Axis RMS Error (deg): 0.006098322755
    // Lat/Lon RMS Error (deg): 0.0009169054057
}